股票代码,交易日期,窗口位置,是否事发日,评论情绪指标,年报语调,股票收益率,市场收益率,超额收益率,换手率,市值,市盈率,市净率,成交量,成交金额,期间
600519.SH,2022-03-28,-3,False,0.0,,-1.7278,-0.6254,-1.1024,1.046,208629330.624,44.677,11.9662,57541.64,9392008.017,period_2022
600519.SH,2022-03-29,-2,False,0.02,,0.3733,-0.3452,0.7185,0.4715,209408173.26,44.8438,12.0109,25934.98,4343365.464,period_2022
600519.SH,2022-03-30,-1,False,0.084,,3.7852,2.9016,0.8836,0.7714,217334781.378,46.5412,11.4665,42433.43,7276379.091,period_2022
600519.SH,2022-03-31,0,True,0.04,0.1,-0.6416,-0.7405,0.0989,0.4576,215940401.82,41.1628,11.3929,25173.86,4338022.922,period_2022
600519.SH,2022-04-01,1,False,0.023,,3.5492,1.2684,2.2808,0.8155,223604464.5978,42.6237,11.7973,44861.91,7936957.252,period_2022
600519.SH,2022-04-06,2,False,0.0,,-0.8433,-0.288,-0.5553,0.5057,221718911.7,42.2643,11.6978,27819.77,4910792.426,period_2022
600519.SH,2022-04-07,3,False,0.007,,0.0,-1.2838,1.2838,0.3671,221718911.7,42.2643,11.6978,20195.71,3568182.341,period_2022
600519.SH,2022-04-08,4,False,0.132,,1.0765,0.5148,0.5617,0.417,224105687.52,42.7192,11.8237,22941.32,4081618.543,period_2022
600519.SH,2022-04-11,5,False,-0.035,,-3.5874,-3.0892,-0.4982,0.7974,216066021.6,41.1867,11.3995,43863.59,7568782.591,period_2022
600519.SH,2023-03-28,-3,False,0.035,,0.7925,-0.3231,1.1156,0.3139,223829324.004,42.6665,12.4915,17261.35,3073113.077,period_2023
600519.SH,2023-03-29,-2,False,0.062,,0.4602,0.1658,0.2944,0.2799,224859406.2,42.8629,12.549,15392.99,2761909.333,period_2023
600519.SH,2023-03-30,-1,False,0.048,,0.5587,0.8083,-0.2496,0.3502,226115604.0,43.1024,12.6191,19257.01,3453573.052,period_2023
600519.SH,2023-03-31,0,True,0.024,0.0982,1.1111,0.307,0.8041,0.4991,228627999.6,36.4542,11.5757,27446.33,5024790.356,period_2023
600519.SH,2023-04-03,1,False,0.022,,-0.9852,0.9786,-1.9638,0.3895,226375636.9446,36.0951,11.4617,21417.43,3875811.673,period_2023
600519.SH,2023-04-04,2,False,0.011,,0.6948,0.3065,0.3883,0.3649,227948396.5902,36.3459,11.5413,20066.26,3614275.263,period_2023
600519.SH,2023-04-06,3,False,0.034,,-0.9716,-0.1576,-0.814,0.2705,225733719.8688,35.9927,11.4292,14874.22,2676251.956,period_2023
600519.SH,2023-04-07,4,False,0.071,,-0.3322,0.6503,-0.9825,0.2459,224983769.7822,35.8732,11.3912,13524.68,2428160.574,period_2023
600519.SH,2023-04-10,5,False,0.024,,-1.0771,-0.4479,-0.6292,0.5349,222560564.226,35.4868,11.2685,29418.22,5171150.567,period_2023
601318.SH,2022-03-22,-3,False,-0.032,,1.6156,-0.081,1.6966,0.7519,87379553.9398,8.5988,1.0756,742111.55,3516558.054,period_2022
601318.SH,2022-03-23,-2,False,0.0,,0.2092,0.4987,-0.2895,0.5846,87562356.3539,8.6168,1.0778,577029.18,2748027.97,period_2022
601318.SH,2022-03-24,-1,False,0.167,,0.7307,-0.5895,1.3202,0.6188,88202164.8033,8.6798,1.0857,610757.14,2943276.289,period_2022
601318.SH,2022-03-25,0,True,0.0,0.0889,-1.285,-1.8049,0.5199,0.5673,87068789.8358,8.5682,1.0717,559938.03,2696644.333,period_2022
601318.SH,2022-03-28,1,False,0.0,,0.4619,-0.6254,1.0873,0.3989,87470955.1469,8.6078,1.0767,393686.26,1872940.911,period_2022
601318.SH,2022-03-29,2,False,0.083,,-1.3375,-0.3452,-0.9923,0.3266,86301019.6966,8.4927,1.0623,322356.84,1532063.82,period_2022
601318.SH,2022-03-30,3,False,0.024,,3.1561,2.9016,0.2545,0.583,89024775.6667,8.7607,1.0958,575427.13,2776948.845,period_2022
601318.SH,2022-04-01,4,False,0.25,,1.0526,1.2684,-0.2158,0.4799,89500061.9434,8.8075,1.1017,473676.67,2307234.644,period_2022
601318.SH,2022-04-06,5,False,0.0,,1.1846,-0.288,1.4726,0.6485,90560315.9451,8.9118,1.1147,640052.75,3166678.385,period_2022
601318.SH,2023-04-14,-3,False,0.03,,0.82,0.5657,0.2543,0.4346,83156818.1741,9.9263,0.9684,428919.17,1954054.64,period_2023
601318.SH,2023-04-17,-2,False,0.073,,4.3746,1.4024,2.9722,1.0498,86794586.2147,10.3606,1.0108,1036161.33,4813786.757,period_2023
601318.SH,2023-04-18,-1,False,0.015,,2.401,0.3048,2.0962,1.3275,88878533.7354,10.6093,1.0351,1310275.22,6375510.317,period_2023
601318.SH,2023-04-19,0,True,0.0,0.0877,-0.4525,-0.9004,0.4479,0.5037,88476368.4244,10.5613,1.0304,497164.61,2414735.651,period_2023
601318.SH,2023-04-20,1,False,0.069,,0.8058,-0.2798,1.0856,0.483,89189297.8394,10.6464,1.0387,476734.29,2314705.514,period_2023
601318.SH,2023-04-21,2,False,0.019,,-4.2017,-1.956,-2.2457,0.8227,85441848.3503,10.1991,0.995,811975.65,3837366.387,period_2023
601318.SH,2023-04-24,3,False,0.045,,-0.7274,-1.238,0.5106,0.5952,84820320.1424,10.1249,0.9878,587482.16,2760342.072,period_2023
601318.SH,2023-04-25,4,False,0.056,,-0.6681,-0.5016,-0.1665,0.6257,84253632.6587,10.0573,0.9812,617583.22,2862045.073,period_2023
601318.SH,2023-04-26,5,False,0.0,,-0.6509,-0.0866,-0.5643,0.5118,83705225.4164,9.9918,0.9748,505147.02,2320864.199,period_2023
600036.SH,2022-04-06,-3,False,0.111,,0.6157,-0.288,0.9037,0.4081,119516848.3031,9.9662,1.6334,478268.55,2260412.706,period_2022
600036.SH,2022-04-07,-2,False,-0.286,,-1.1184,-1.2838,0.1654,0.3219,118180196.4863,9.8548,1.6151,377201.07,1776370.371,period_2022
600036.SH,2022-04-11,-1,False,-0.038,,-2.713,-3.0892,0.3762,0.4204,115759091.3086,9.6529,1.5821,492611.73,2263984.281,period_2022
600036.SH,2022-04-12,0,True,0.039,0.0635,-0.4357,1.9488,-2.3845,0.5025,115254694.3966,9.6108,1.5752,588840.49,2691571.03,period_2022
600036.SH,2022-04-13,1,False,0.043,,0.1094,-0.9626,1.072,0.3825,115380793.6246,9.6213,1.5769,448222.52,2054724.468,period_2022
600036.SH,2022-04-14,2,False,0.115,,0.0219,1.252,-1.2301,0.2787,115406013.4702,9.6234,1.5772,326613.29,1503135.689,period_2022
600036.SH,2022-04-15,3,False,0.011,,2.3383,-0.0673,2.4056,0.3611,118104536.9495,9.8484,1.6141,423159.03,1962144.157,period_2022
600036.SH,2022-04-18,4,False,-0.023,,-7.3457,-0.5339,-6.8118,2.0197,109428910.0627,9.125,1.4955,2366775.06,10320718.085,period_2022
600036.SH,2022-04-19,5,False,-0.044,,-2.973,-0.7556,-2.2174,2.1375,106175549.9802,8.8537,1.4511,2504770.22,10505571.111,period_2022
600036.SH,2023-04-12,-3,False,-0.05,,0.0296,-0.0698,0.0994,0.3551,85091759.0578,6.1655,1.0313,416127.69,1403968.679,period_2023
600036.SH,2023-04-13,-2,False,0.015,,0.8002,-0.6909,1.4911,0.5413,85772694.889,6.2149,1.0396,634304.56,2142100.175,period_2023
600036.SH,2023-04-14,-1,False,0.103,,1.1173,0.5657,0.5516,0.5922,86731049.0218,6.2843,1.0512,693923.38,2387857.214,period_2023
600036.SH,2023-04-17,0,True,0.103,0.0691,2.3553,1.4024,0.9529,0.7627,88773856.5155,6.4323,1.076,893730.12,3107511.587,period_2023
600036.SH,2023-04-18,1,False,-0.038,,1.3636,0.3048,1.0588,0.8045,89984409.1044,6.52,1.0906,942714.63,3375509.116,period_2023
600036.SH,2023-04-19,2,False,0.065,,-0.5045,-0.9004,0.3959,0.436,89530451.8836,6.4871,1.0851,510886.48,1815680.622,period_2023
600036.SH,2023-04-20,3,False,0.042,,-1.4366,-0.2798,-1.1568,0.5811,88244239.7579,6.394,1.0696,680915.3,2393722.845,period_2023
600036.SH,2023-04-21,4,False,-0.044,,-1.4004,-1.956,0.5556,0.4536,87008467.3235,6.3044,1.0546,531591.46,1849378.443,period_2023
600036.SH,2023-04-24,5,False,0.032,,-2.6087,-1.238,-1.3707,0.6228,84738681.2194,6.14,1.0271,729873.68,2474101.753,period_2023
000858.SZ,2022-04-26,-3,False,0.096,,2.2581,-0.8072,3.0653,1.4519,61523486.8793,30.8314,6.6141,254538.92,4045539.333,period_2022
000858.SZ,2022-04-27,-2,False,0.12,,1.8233,2.9443,-1.121,1.3649,62645271.5927,31.3936,6.7347,239277.89,3849331.177,period_2022
000858.SZ,2022-04-28,-1,False,0.094,,2.7635,0.6564,2.1071,1.4666,64376468.7629,32.2611,6.9208,257119.94,4235742.307,period_2022
000858.SZ,2022-04-29,0,True,0.019,0.0972,-2.243,2.4262,-4.6692,2.5597,62932510.5851,26.9206,5.7268,448742.8,7241581.132,period_2022
000858.SZ,2022-05-05,1,False,0.119,,-0.3639,-0.1502,-0.2137,1.3964,62703495.7128,26.8226,5.706,244801.58,3973322.638,period_2022
000858.SZ,2022-05-06,2,False,0.105,,-2.7733,-2.5284,-0.2449,1.0887,60964535.3265,26.0788,5.5477,190861.39,3007833.166,period_2022
000858.SZ,2022-05-09,3,False,0.045,,-1.4517,-0.8028,-0.6489,1.0623,60079528.7014,25.7002,5.4672,186236.27,2874663.797,period_2022
000858.SZ,2022-05-10,4,False,-0.025,,0.3553,1.0943,-0.739,1.147,60293017.1417,25.7915,5.4866,201080.42,3092729.203,period_2022
000858.SZ,2022-05-11,5,False,0.0,,1.4035,1.4428,-0.0393,1.3912,61139207.6868,26.1535,5.5636,243902.45,3846228.733,period_2022
000858.SZ,2023-04-26,-3,False,0.053,,-0.7008,-0.0866,-0.6142,0.845,65447792.5723,27.9966,6.0982,148126.82,2500348.755,period_2023
000858.SZ,2023-04-27,-2,False,0.267,,0.3321,0.7372,-0.4051,0.8579,65665162.6206,28.0896,6.1184,150393.14,2530897.181,period_2023
000858.SZ,2023-04-28,-1,False,0.046,,-0.1005,1.0196,-1.1201,1.0233,65599175.2845,28.0613,6.1123,179385.64,3038219.04,period_2023
000858.SZ,2023-05-04,0,True,0.064,0.0827,-0.0296,0.0288,-0.0584,1.5166,65579767.2445,24.5703,5.1813,265877.93,4516684.022,period_2023
000858.SZ,2023-05-05,1,False,-0.029,,2.8174,-0.3317,3.1491,1.4359,67427412.6549,25.2625,5.3273,251726.9,4324694.285,period_2023
000858.SZ,2023-05-08,2,False,0.098,,-1.3298,1.1398,-2.4696,1.0127,66530761.2057,24.9266,5.2564,177533.73,3055844.963,period_2023
000858.SZ,2023-05-09,3,False,0.013,,1.9662,-0.8563,2.8225,1.2716,67838863.1034,25.4167,5.3598,222923.12,3891367.974,period_2023
000858.SZ,2023-05-10,4,False,-0.136,,-0.8297,-0.7698,-0.0599,0.6783,67276029.9427,25.2058,5.3153,118909.94,2057577.183,period_2023
000858.SZ,2023-05-11,5,False,0.069,,-0.4327,-0.1553,-0.2774,0.701,66984909.3423,25.0968,5.2923,122896.31,2138045.981,period_2023
000333.SZ,2022-04-27,-3,False,0.024,,2.5294,2.9443,-0.4149,0.8036,37154353.7717,13.6482,3.1384,375710.41,1983750.318,period_2022
000333.SZ,2022-04-28,-2,False,0.022,,0.339,0.6564,-0.3174,0.5403,37280300.7336,13.6944,3.149,252589.16,1335819.842,period_2022
000333.SZ,2022-04-29,-1,False,0.016,,7.1509,2.4262,4.7247,1.2304,39946178.0947,14.6737,3.3742,575241.01,3198610.308,period_2022
000333.SZ,2022-05-05,0,True,0.109,0.1171,2.8201,-0.1502,2.9703,1.0008,41072703.6987,14.3743,3.1061,467907.22,2748594.256,period_2022
000333.SZ,2022-05-06,1,False,0.034,,-0.8518,-2.5284,1.6766,0.4538,40722851.0266,14.2519,3.0796,212169.98,1232140.905,period_2022
000333.SZ,2022-05-09,2,False,0.024,,-3.1615,-0.8028,-2.3587,0.4605,39435393.1935,13.8013,2.9822,215296.84,1216418.056,period_2022
000333.SZ,2022-05-10,3,False,-0.061,,0.4258,1.0943,-0.6685,0.6429,39603322.4761,13.8601,2.9949,300571.37,1689113.755,period_2022
000333.SZ,2022-05-11,4,False,0.0,,0.1413,1.4428,-1.3015,0.7681,39659298.9036,13.8797,2.9992,359115.06,2038556.236,period_2022
000333.SZ,2022-05-12,5,False,-0.021,,-1.6584,-0.4447,-1.2137,0.4829,39001575.8801,13.6495,2.9494,225790.89,1261668.407,period_2022
000333.SZ,2023-04-26,-3,False,0.0,,-1.6479,-0.0866,-1.5613,0.5081,39813031.9465,13.9335,2.8635,239341.84,1357589.707,period_2023
000333.SZ,2023-04-27,-2,False,0.032,,0.9877,0.7372,0.2505,0.3349,40206247.0769,14.0711,2.8918,157770.59,898336.283,period_2023
000333.SZ,2023-04-28,-1,False,0.038,,-0.8383,1.0196,-1.8579,0.3331,39869205.5366,13.9531,2.8675,156905.51,891005.835,period_2023
000333.SZ,2023-05-04,0,True,0.017,0.1204,-0.3522,0.0288,-0.381,0.5701,39728771.5614,13.443,2.6089,268565.62,1525949.937,period_2023
000333.SZ,2023-05-05,1,False,0.044,,-2.2093,-0.3317,-1.8776,0.7262,38851059.2169,13.146,2.5512,342122.87,1879206.731,period_2023
000333.SZ,2023-05-08,2,False,0.0,,-0.5783,1.1398,-1.7181,0.4431,38626364.8568,13.07,2.5365,208721.7,1151128.787,period_2023
000333.SZ,2023-05-09,3,False,-0.053,,-0.3817,-0.8563,0.4746,0.385,38478909.1829,13.0201,2.5268,181393.72,995439.011,period_2023
000333.SZ,2023-05-10,4,False,-0.011,,1.0949,-0.7698,1.8647,0.3707,38900211.1082,13.1626,2.5544,174625.98,965082.241,period_2023
000333.SZ,2023-05-11,5,False,0.2,,0.0903,-0.1553,0.2456,0.2679,38935319.602,13.1745,2.5568,126224.53,706491.978,period_2023
601166.SH,2022-03-22,-3,False,-0.111,,2.9179,-0.081,2.9989,0.5727,43231090.9528,6.4886,0.7226,863389.14,1784369.846,period_2022
601166.SH,2022-03-23,-2,False,-0.137,,-5.2859,0.4987,-5.7846,2.0458,40945929.9702,6.1456,0.6844,3084134.72,6148405.435,period_2022
601166.SH,2022-03-24,-1,False,0.0,,0.7103,-0.5895,1.2998,0.7289,41236768.6407,6.1893,0.6892,1098797.24,2168392.295,period_2022
601166.SH,2022-03-25,0,True,0.444,0.1055,1.1083,-1.8049,2.9132,0.8816,41693800.8373,5.0428,0.7006,1329047.86,2675943.135,period_2022
601166.SH,2022-03-29,1,False,0.0,,-0.7489,-0.3452,-0.4037,0.3491,41299091.213,4.9951,0.6939,526222.33,1049983.838,period_2022
601166.SH,2022-03-30,2,False,0.0,,2.0624,2.9016,-0.8392,0.6369,42150833.0338,5.0981,0.7082,960165.21,1935092.679,period_2022
601166.SH,2022-03-31,3,False,0.0,,1.8728,-0.7405,2.6133,0.782,42940252.2823,5.1935,0.7215,1178968.87,2425511.483,period_2022
601166.SH,2022-04-01,4,False,0.2,,3.5317,1.2684,2.2633,0.9427,44456768.2071,5.377,0.747,1421226.89,3002129.689,period_2022
601166.SH,2022-04-06,5,False,0.1,,2.4299,-0.288,2.7179,1.0604,45537026.1262,5.5076,0.7651,1598676.36,3500524.237,period_2022
601166.SH,2023-03-28,-3,False,0.0,,0.3608,-0.3231,0.6839,0.2952,34672242.1514,4.1935,0.541,463767.62,774944.437,period_2023
601166.SH,2023-03-29,-2,False,0.053,,-0.5392,0.1658,-0.705,0.2766,34485273.7995,4.1709,0.5381,434578.32,722994.47,period_2023
601166.SH,2023-03-30,-1,False,0.04,,1.3253,0.8083,0.517,0.3444,34942307.5487,4.2262,0.5452,541010.41,903713.433,period_2023
601166.SH,2023-03-31,0,True,0.034,0.1049,0.4162,0.307,0.1092,0.4959,35087727.3779,3.8399,0.5339,779090.59,1319393.297,period_2023
601166.SH,2023-04-03,1,False,0.0,,0.0,0.9786,-0.9786,0.311,35087727.3779,3.8399,0.5339,488526.54,824151.372,period_2023
601166.SH,2023-04-04,2,False,0.024,,0.6513,0.3065,0.3448,0.3092,35316248.2152,3.8649,0.5374,485718.31,823750.24,period_2023
601166.SH,2023-04-06,3,False,0.2,,-0.4706,-0.1576,-0.313,0.2376,35150054.106,3.8467,0.5348,373315.76,632411.758,period_2023
601166.SH,2023-04-07,4,False,0.053,,0.2955,0.6503,-0.3548,0.2207,35253925.4242,3.8581,0.5364,346670.87,588824.346,period_2023
601166.SH,2023-04-10,5,False,0.067,,0.4714,-0.4479,0.9193,0.2614,35420119.5335,3.8763,0.5389,410694.39,699520.205,period_2023
600900.SH,2022-04-26,-3,False,0.0,,1.178,-0.8072,1.9852,0.4686,52738371.5544,20.0542,2.9173,438101.29,1014242.481,period_2022
600900.SH,2022-04-27,-2,False,0.074,,-1.3368,2.9443,-4.2811,0.6561,52033373.9182,19.7861,2.8783,613466.91,1407071.104,period_2022
600900.SH,2022-04-29,-1,False,-0.065,,-1.2603,2.4262,-3.6865,0.6358,51669504.1706,19.6478,2.8581,594429.55,1351410.874,period_2022
600900.SH,2022-05-05,0,True,0.0,0.0964,1.5845,-0.1502,1.7347,0.4871,52488211.1028,19.978,2.846,456706.65,1049526.251,period_2022
600900.SH,2022-05-06,1,False,0.0,,-1.5598,-2.5284,0.9686,0.3644,51669504.1706,19.6664,2.8016,341630.73,779396.294,period_2022
600900.SH,2022-05-09,2,False,0.074,,-1.6725,-0.8028,-0.8697,0.3026,50805313.5198,19.3375,2.7548,283667.66,637206.321,period_2022
600900.SH,2022-05-10,3,False,-0.083,,2.2381,1.0943,1.1438,0.4938,51942406.4813,19.7703,2.8164,462986.89,1046185.504,period_2022
600900.SH,2022-05-11,4,False,0.091,,-1.2697,1.4428,-2.7125,0.5907,51282892.5637,19.5192,2.7807,553816.48,1250596.624,period_2022
600900.SH,2022-05-13,5,False,0.083,,4.1237,0.7543,3.3694,0.6021,52829338.9913,20.1078,2.8645,564499.83,1294700.561,period_2022
600900.SH,2023-04-24,-3,False,0.0,,-0.1425,-1.238,1.0955,0.3849,49764932.8205,18.9415,2.502,471080.07,993415.267,period_2023
600900.SH,2023-04-25,-2,False,0.125,,0.6657,-0.5016,1.1673,0.3956,50096225.7636,19.0676,2.5187,484188.81,1023228.678,period_2023
600900.SH,2023-04-27,-1,False,0.0,,3.3522,0.7372,2.615,0.7726,53560928.5803,20.3863,2.4918,945611.77,2047798.383,period_2023
600900.SH,2023-04-28,0,True,0.065,0.1003,-0.0457,1.0196,-1.0653,0.5394,53536460.3626,25.1238,2.6658,660156.41,1439296.571,period_2023
600900.SH,2023-05-04,1,False,0.078,,3.1079,0.0288,3.0791,0.858,55200299.1673,25.9046,2.7486,856299.94,1906221.121,period_2023
600900.SH,2023-05-05,2,False,0.0,,-2.039,-0.3317,-1.7073,0.6151,54074761.1524,25.3764,2.6926,613816.74,1361763.407,period_2023
600900.SH,2023-05-08,3,False,0.074,,1.086,1.1398,-0.0538,0.6911,54661998.3775,25.652,2.7218,689703.95,1532070.56,period_2023
600900.SH,2023-05-09,4,False,0.064,,1.8353,-0.8563,2.6916,0.9769,55665195.3039,26.1228,2.7718,974938.18,2223384.549,period_2023
600900.SH,2023-05-10,5,False,-0.083,,-1.5824,-0.7698,-0.8126,0.6868,54784339.4661,25.7094,2.7279,685452.26,1558869.165,period_2023
601899.SH,2022-03-15,-3,False,-0.087,,-8.6124,-4.5738,-4.0386,2.6245,25144493.1892,38.633,3.8146,3782241.64,3709245.32,period_2022
601899.SH,2022-03-16,-2,False,0.083,,5.9686,4.3242,1.6444,2.0384,26645263.9869,40.9388,4.0422,2937559.04,2866381.934,period_2022
601899.SH,2022-03-17,-1,False,-0.059,,1.7787,1.9637,-0.185,1.4787,27119191.6072,41.667,4.1141,2131020.23,2199430.17,period_2022
601899.SH,2022-03-18,0,True,-0.167,0.0789,3.2039,0.6656,2.5383,1.3666,27988058.9111,43.002,4.2459,1969446.13,2064937.224,period_2022
601899.SH,2022-03-22,1,False,-0.133,,2.7273,-0.081,2.8083,1.7654,29752122.8312,18.9832,4.1884,2544176.29,2869808.347,period_2022
601899.SH,2022-03-23,2,False,-0.053,,0.354,0.4987,-0.1447,1.1861,29857440.0802,19.0504,4.2032,1709243.68,1931372.437,period_2022
601899.SH,2022-03-24,3,False,-0.333,,3.2628,-0.5895,3.8523,1.8556,30831624.633,19.672,4.3404,2674065.95,3114656.699,period_2022
601899.SH,2022-03-25,4,False,0.053,,-1.6225,-1.8049,0.1824,1.3994,30331367.7005,19.3528,4.27,2016758.7,2343224.245,period_2022
601899.SH,2022-03-28,5,False,0.125,,0.3472,-0.6254,0.9726,1.3337,30436684.9494,19.42,4.2848,1922005.09,2210364.586,period_2022
601899.SH,2023-04-25,-3,False,0.125,,1.4972,-0.5016,1.9988,1.2574,33908623.7571,16.9187,3.813,1815957.37,2332637.151,period_2023
601899.SH,2023-04-26,-2,False,0.056,,-2.4068,-0.0866,-2.3202,1.172,33092500.0487,16.5115,3.7212,1692608.72,2133008.37,period_2023
601899.SH,2023-04-27,-1,False,0.5,,1.9889,0.7372,1.2517,1.2322,33750664.3297,16.8399,3.7952,1779556.8,2271307.178,period_2023
601899.SH,2023-04-28,0,True,0.0,0.0688,0.078,1.0196,-0.9416,1.0065,33776990.9009,16.8531,3.5263,1453621.16,1862171.128,period_2023
601899.SH,2023-05-04,1,False,0.023,,0.7794,0.0288,0.7506,1.4644,34040256.6133,16.9844,3.5538,2114892.21,2759858.587,period_2023
601899.SH,2023-05-05,2,False,-0.053,,-2.7069,-0.3317,-2.3752,1.2953,33118826.6199,16.5247,3.4576,1870675.29,2369427.897,period_2023
601899.SH,2023-05-08,3,False,0.087,,0.6359,1.1398,-0.5039,1.0214,33329439.1898,16.6298,3.4796,1475035.1,1855566.188,period_2023
601899.SH,2023-05-09,4,False,0.048,,-3.2385,-0.8563,-2.3822,1.1873,32250049.769,16.0912,3.3669,1714660.59,2122541.129,period_2023
601899.SH,2023-05-10,5,False,-0.273,,-1.3878,-0.7698,-0.618,0.8609,31802498.0579,15.8679,3.3202,1243353.55,1515467.086,period_2023
600030.SH,2022-06-02,-1,False,0.06,,0.357,0.1565,0.2005,0.817,29166836.1595,12.6265,1.2651,730835.18,1431501.513,period_2022
600030.SH,2022-06-06,0,True,0.083,0.0819,1.4228,1.871,-0.4482,1.1908,29581811.4707,12.8062,1.2831,1065212.97,2114788.181,period_2022
600030.SH,2022-06-07,1,False,0.027,,0.7515,0.3131,0.4384,1.3626,29804119.6731,12.9024,1.2927,1218894.07,2462366.349,period_2022
600030.SH,2022-06-08,2,False,0.037,,1.2432,0.9735,0.2697,1.2558,30174633.3438,13.0628,1.3088,1123418.51,2274137.709,period_2022
600030.SH,2022-06-09,3,False,0.088,,-0.6385,-1.046,0.4075,1.2592,29981966.2351,12.9794,1.3004,1126432.88,2302461.29,period_2022
600030.SH,2022-06-10,4,False,0.088,,2.7682,1.5164,1.2518,1.5409,30811916.8575,13.3387,1.3364,1378415.52,2821335.822,period_2022
600030.SH,2022-06-13,5,False,0.0,,-2.5012,-1.1711,-1.3301,1.3411,30041248.4224,13.0051,1.303,1199707.88,2439449.279,period_2022
600030.SH,2023-06-01,-3,False,0.071,,0.2494,0.2191,0.0303,0.8273,29789299.1263,13.9742,1.2174,750125.46,1508997.266,period_2023
600030.SH,2023-06-02,-2,False,0.0,,0.4478,1.4439,-0.9961,0.9734,29922684.0478,14.0367,1.2229,882619.78,1782217.067,period_2023
600030.SH,2023-06-05,-1,False,0.132,,-0.9411,-0.4553,-0.4858,0.6761,29641093.658,13.9046,1.2113,613004.47,1231346.31,period_2023
600030.SH,2023-06-06,0,True,0.083,0.0715,-0.85,-0.9387,0.0887,0.8172,29389144.3619,13.7864,1.201,740980.24,1482148.342,period_2023
600030.SH,2023-06-07,1,False,0.015,,0.2017,-0.4942,0.6959,0.5259,29448426.5492,13.8143,1.2035,476802.78,949185.852,period_2023
600030.SH,2023-06-08,2,False,0.057,,1.6608,0.814,0.8468,0.8507,29937504.5946,14.0437,1.2235,771346.35,1548094.659,period_2023
600030.SH,2023-06-09,3,False,0.032,,-0.099,0.4323,-0.5313,0.5632,29907863.5009,14.0298,1.2222,510678.4,1030974.935,period_2023
600030.SH,2023-06-12,4,False,-0.029,,-1.6353,0.2015,-1.8368,0.9899,29418785.4556,13.8003,1.2023,897547.22,1788103.755,period_2023
600030.SH,2023-06-13,5,False,0.0,,0.6549,0.5326,0.1223,0.5625,29611452.5643,13.8907,1.2101,509989.73,1016642.731,period_2023
002594.SZ,2022-03-25,-3,False,0.093,,-4.7636,-1.8049,-2.9587,2.5628,68502102.521,161.7803,8.3061,208023.73,4984988.435,period_2022
002594.SZ,2022-03-28,-2,False,0.0,,-2.0866,-0.6254,-1.4612,1.763,67072731.3792,158.4046,8.1328,143103.54,3306510.715,period_2022
002594.SZ,2022-03-29,-1,False,0.009,,0.2604,-0.3452,0.6056,1.7074,67247399.9505,158.8171,8.154,138587.31,3224438.27,period_2022
002594.SZ,2022-03-30,0,True,-0.008,0.0852,2.6061,2.9016,-0.2955,3.0955,68999907.9492,226.5867,7.2578,251259.96,5807876.452,period_2022
002594.SZ,2022-03-31,1,False,0.0,,-3.0462,-0.7405,-2.3057,1.9925,66898062.8079,219.6845,7.0367,161731.43,3721363.312,period_2022
002594.SZ,2022-04-01,2,False,-0.012,,2.6806,1.2684,1.4122,2.2539,68691326.8066,225.5734,7.2254,182948.05,4301758.39,period_2022
002594.SZ,2022-04-06,3,False,0.023,,2.5174,-0.288,2.8054,2.5292,70420545.6625,231.2519,7.4073,205293.3,4976485.481,period_2022
002594.SZ,2022-04-07,4,False,0.03,,-0.7854,-1.2838,0.4984,1.5116,69867428.52,229.4355,7.3491,122699.53,2964659.964,period_2022
002594.SZ,2022-04-08,5,False,0.021,,1.6583,0.5148,1.1435,2.1156,71026063.3763,233.2403,7.4709,171718.97,4185742.781,period_2022
002594.SZ,2023-03-24,-3,False,0.058,,0.2159,-0.2982,0.5141,0.9855,71619936.5187,235.1905,6.9864,81018.26,1990565.427,period_2023
002594.SZ,2023-03-27,-2,False,0.006,,-0.9633,-0.3618,-0.6015,1.1251,70929995.6621,232.9248,6.9191,92495.36,2246213.086,period_2023
002594.SZ,2023-03-28,-1,False,0.023,,0.5582,-0.3231,0.8813,0.9955,71325911.0904,234.225,6.9577,81845.04,1998797.291,period_2023
002594.SZ,2023-03-29,0,True,0.054,0.0866,1.0979,0.1658,0.9321,1.7615,72109008.5184,43.3805,6.4946,144302.62,3588758.349,period_2023
002594.SZ,2023-03-30,1,False,0.05,,3.8353,0.8083,3.027,2.5545,74874594.2306,45.0443,6.7437,209267.22,5317797.712,period_2023
002594.SZ,2023-03-31,2,False,0.055,,-0.4588,0.307,-0.7658,2.0387,74531079.3737,44.8376,6.7127,167007.61,4304295.452,period_2023
002594.SZ,2023-04-03,3,False,0.05,,-0.0391,0.9786,-1.0177,1.632,74501967.9452,44.8201,6.7101,133691.25,3412119.593,period_2023
002594.SZ,2023-04-04,4,False,0.004,,-1.9537,0.3065,-2.2602,1.6815,73046396.5177,43.9444,6.579,137744.33,3448255.051,period_2023
002594.SZ,2023-04-06,5,False,0.046,,-0.3667,-0.1576,-0.2091,1.0003,72778571.375,43.7833,6.5549,81942.27,2036216.982,period_2023
300059.SZ,2022-03-16,-3,False,0.058,,10.4249,4.3242,6.1007,6.5683,27760753.1445,58.0999,5.0695,5466487.82,13223776.925,period_2022
300059.SZ,2022-03-17,-2,False,0.061,,2.499,1.9637,0.5353,6.7494,28454496.6781,59.5518,5.1962,5617217.18,14569189.168,period_2022
300059.SZ,2022-03-18,-1,False,0.052,,0.5805,0.6656,-0.0851,3.3413,28619673.7099,59.8975,5.2263,2780824.92,7141410.593,period_2022
300059.SZ,2022-03-21,0,True,0.057,0.1061,-3.6168,-0.1677,-3.4491,3.4643,27584564.3106,32.2516,4.8262,2883179.1,7298276.951,period_2022
300059.SZ,2022-03-22,1,False,0.076,,0.2794,-0.081,0.3604,2.1267,27661646.9254,32.3417,4.8397,1769956.3,4444791.632,period_2022
300059.SZ,2022-03-23,2,False,0.083,,0.5175,0.4987,0.0188,1.7691,27804800.353,32.5091,4.8648,1472349.79,3719767.109,period_2022
300059.SZ,2022-03-24,3,False,0.0,,0.396,-0.5895,0.9855,2.2114,27914918.3742,32.6379,4.884,1840421.24,4645317.001,period_2022
300059.SZ,2022-03-25,4,False,0.037,,-2.9586,-1.8049,-1.1537,2.1011,27089033.2152,31.6722,4.7395,1748652.04,4360035.104,period_2022
300059.SZ,2022-03-28,5,False,0.074,,-0.4472,-0.6254,0.1782,1.8518,26967903.3919,31.5306,4.7183,1541132.19,3751809.213,period_2022
300059.SZ,2023-03-15,-3,False,0.04,,0.2003,0.0554,0.1449,1.1073,26441539.2505,30.9152,4.1687,1105883.42,2233406.666,period_2023
300059.SZ,2023-03-16,-2,False,0.0,,-1.4493,-1.1977,-0.2516,1.1985,26058328.5368,30.4671,4.1083,1196961.98,2373090.064,period_2023
300059.SZ,2023-03-17,-1,False,0.167,,2.9919,0.4993,2.4926,2.2555,26837964.1269,31.3787,4.2312,2252593.82,4571646.831,period_2023
300059.SZ,2023-03-20,0,True,0.014,0.1147,-1.6248,-0.4987,-1.1261,1.5952,26401896.7629,31.0265,4.0516,1593084.59,3215847.761,period_2023
300059.SZ,2023-03-21,1,False,0.05,,1.001,1.0993,-0.0983,1.3391,26666180.0138,31.3371,4.0921,1337357.69,2689094.631,period_2023
300059.SZ,2023-03-22,2,False,0.018,,-5.8474,0.4285,-6.2759,5.1662,25106908.8336,29.5047,3.8528,5159512.9,9943231.765,period_2023
300059.SZ,2023-03-23,3,False,-0.043,,2.8947,0.9913,1.9034,2.837,25833687.7735,30.3588,3.9644,2833337.96,5463034.451,period_2023
300059.SZ,2023-03-24,4,False,0.036,,3.5294,-0.2982,3.8276,3.2981,26745464.9891,31.4303,4.1043,3293769.76,6628186.192,period_2023
300059.SZ,2023-03-27,5,False,0.033,,1.8775,-0.3618,2.2393,3.666,27247603.1657,32.0204,4.1813,3661211.51,7570230.417,period_2023
300760.SZ,2022-04-15,-3,False,0.176,,3.5866,-0.0673,3.6539,1.0553,41320002.7075,62.0637,16.6607,44896.79,1516296.578,period_2022
300760.SZ,2022-04-18,-2,False,0.0,,-1.4554,-0.5339,-0.9215,0.595,40718631.7761,61.1604,16.4182,25314.65,853484.511,period_2022
300760.SZ,2022-04-19,-1,False,0.059,,-2.2421,-0.7556,-1.4865,0.9216,39805663.4064,59.7891,16.0501,39209.48,1286864.858,period_2022
300760.SZ,2022-04-20,0,True,0.044,0.0771,-8.7143,-1.5505,-7.1638,1.9664,36336868.5782,45.4123,12.9624,83658.04,2539800.742,period_2022
300760.SZ,2022-04-21,1,False,0.0,,-2.6827,-1.8414,-0.8413,1.1941,35362065.6974,44.194,12.6146,50800.86,1495584.353,period_2022
300760.SZ,2022-04-22,2,False,0.085,,3.5452,0.4359,3.1093,1.1213,36615730.0988,45.7608,13.0618,47703.52,1416262.639,period_2022
300760.SZ,2022-04-25,3,False,0.196,,-1.1755,-4.9421,3.7666,0.93,36185313.4039,45.2229,12.9083,39564.89,1199933.322,period_2022
300760.SZ,2022-04-26,4,False,0.182,,6.5505,-0.8072,7.3577,1.402,38555636.3292,48.1852,13.7539,59647.72,1889113.417,period_2022
300760.SZ,2022-04-27,5,False,0.224,,0.3145,2.9443,-2.6298,1.0243,38676880.4686,48.3367,13.7971,43577.51,1385418.662,period_2022
300760.SZ,2023-04-25,-3,False,0.0,,0.4046,-0.5016,0.9062,0.6462,36703025.8792,45.8699,12.1527,28720.72,868405.472,period_2023
300760.SZ,2023-04-26,-2,False,0.0,,-0.7334,-0.0866,-0.6468,0.7238,36433863.8897,45.5335,12.0636,32171.95,969391.26,period_2023
300760.SZ,2023-04-27,-1,False,0.125,,2.8286,0.7372,2.0914,0.8441,37464439.0746,46.8215,12.4048,37516.11,1143985.647,period_2023
300760.SZ,2023-05-04,0,True,0.118,0.0896,0.9939,0.0288,0.9651,0.8202,38191903.911,39.7535,11.0214,38644.56,1208706.563,period_2023
300760.SZ,2023-05-08,1,False,0.0,,-4.2054,1.1398,-5.3452,1.3469,36511460.1389,38.0044,10.5365,63465.02,1923258.919,period_2023
300760.SZ,2023-05-09,2,False,0.25,,1.0161,-0.8563,1.8724,0.9298,36882467.2055,38.3905,10.6435,43809.28,1336116.897,period_2023
300760.SZ,2023-05-10,3,False,0.0,,1.0256,-0.7698,1.7954,0.7059,37260748.9204,38.7843,10.7527,33262.39,1013204.251,period_2023
300760.SZ,2023-05-11,4,False,0.0,,-1.0673,-0.1553,-0.912,0.4566,36863068.1432,38.3704,10.6379,21514.59,655939.05,period_2023
300760.SZ,2023-05-15,5,False,0.118,,1.0268,1.5523,-0.5255,0.4735,37578408.5656,39.1149,10.8444,22309.22,687398.353,period_2023
002475.SZ,2022-04-25,-3,False,-0.167,,-7.4828,-4.9421,-2.5407,1.6134,19007180.8172,26.3058,5.5426,701378.49,1919939.331,period_2022
002475.SZ,2022-04-26,-2,False,0.094,,-2.9072,-0.8072,-2.1,1.4979,18454605.3033,25.5411,5.3815,651186.74,1729263.29,period_2022
002475.SZ,2022-04-27,-1,False,0.0,,6.4875,2.9443,3.5432,1.7077,19651852.25,27.1981,5.7306,742371.71,2004841.487,period_2022
002475.SZ,2022-04-28,0,True,0.053,0.093,5.9481,0.6564,5.2917,2.1569,20820762.0409,29.4473,5.6062,937659.23,2713866.004,period_2022
002475.SZ,2022-04-29,1,False,0.182,,5.0698,2.4262,2.6436,2.2024,21876322.961,30.9402,5.8904,957451.43,2891651.588,period_2022
002475.SZ,2022-05-05,2,False,0.158,,-3.3355,-0.1502,-3.1853,1.4891,21146639.9088,29.9082,5.6939,647346.56,1963377.993,period_2022
002475.SZ,2022-05-10,3,False,0.08,,2.5097,1.0943,1.4154,1.3892,20544474.2833,29.0565,5.5318,603903.32,1730364.419,period_2022
002475.SZ,2022-05-11,4,False,0.136,,5.5517,1.4428,4.1089,2.5991,21685046.8211,30.6697,5.8389,1129875.48,3488354.76,period_2022
002475.SZ,2022-05-12,5,False,0.105,,-0.8821,-0.4447,-0.4374,1.2229,21493770.6812,30.3991,5.7874,531641.42,1610081.532,period_2022
002475.SZ,2023-04-25,-3,False,-0.333,,-3.6296,-0.5016,-3.128,1.8702,18553280.0386,26.2403,4.4449,820435.74,2143373.764,period_2023
002475.SZ,2023-04-26,-2,False,0.118,,2.3828,-0.0866,2.4694,1.6565,18995364.3439,26.8656,4.5509,726717.44,1928541.084,period_2023
002475.SZ,2023-04-27,-1,False,0.062,,-5.5931,0.7372,-6.3303,3.1942,17932935.9328,25.363,4.2963,1401278.7,3557987.821,period_2023
002475.SZ,2023-04-28,0,True,0.135,0.0874,3.7773,1.0196,2.7577,2.4452,18610324.2136,20.3101,3.969,1072720.65,2807247.071,period_2023
002475.SZ,2023-05-04,1,False,0.073,,-1.8391,0.0288,-1.8679,1.3438,18268065.3775,19.9365,3.8961,589504.01,1511944.17,period_2023
002475.SZ,2023-05-05,2,False,0.056,,0.8587,-0.3317,1.1904,1.2191,18424934.0107,20.1077,3.9295,534809.69,1372848.062,period_2023
002475.SZ,2023-05-08,3,False,0.0,,-0.9288,1.1398,-2.0686,1.1546,18253804.5926,19.921,3.893,506522.77,1299730.137,period_2023
002475.SZ,2023-05-09,4,False,0.071,,3.0859,-0.8563,3.9422,2.212,18817105.5937,20.5357,4.0131,970377.68,2553638.576,period_2023
002475.SZ,2023-05-10,5,False,0.088,,0.7958,-0.7698,1.5656,1.4866,18966843.8345,20.6991,4.0451,652148.42,1714785.501,period_2023
600887.SH,2022-04-25,-3,False,0.059,,-2.6597,-4.9421,2.2824,0.8753,23891688.7169,33.754,5.0888,474592.34,1801361.901,period_2022
600887.SH,2022-04-26,-2,False,0.136,,1.4466,-0.8072,2.2538,0.9415,24237295.7865,34.2423,5.1624,510453.35,1936904.447,period_2022
600887.SH,2022-04-27,-1,False,0.073,,2.9839,2.9443,0.0396,1.0272,24960510.5802,35.264,5.3164,556900.35,2143627.806,period_2022
600887.SH,2022-04-28,0,True,0.096,0.1168,-2.4103,0.6564,-3.0667,1.4103,24358898.2739,27.9829,4.7635,764638.09,2914227.794,period_2022
600887.SH,2022-04-29,1,False,0.096,,1.0772,2.4262,-1.349,0.9824,24621303.6415,28.2844,4.8148,532621.87,2041303.903,period_2022
600887.SH,2022-05-05,2,False,0.15,,0.6499,-0.1502,0.8001,1.0406,24781306.9145,28.4682,4.8461,564202.25,2198512.994,period_2022
600887.SH,2022-05-06,3,False,0.0,,-2.4535,-2.5284,0.0749,0.6329,24173294.4773,27.7697,4.7272,343164.12,1307217.081,period_2022
600887.SH,2022-05-09,4,False,0.058,,0.1853,-0.8028,0.9881,0.5963,24218095.3937,27.8212,4.736,323295.46,1219149.19,period_2022
600887.SH,2022-05-10,5,False,0.111,,3.1977,1.0943,2.1034,1.083,24992511.2348,28.7108,4.8874,587184.39,2273770.458,period_2022
600887.SH,2023-04-25,-3,False,0.0,,0.5482,-0.5016,1.0498,0.767,17603425.3932,20.2224,3.6674,442516.21,1212498.932,period_2023
600887.SH,2023-04-26,-2,False,-0.333,,-0.1818,-0.0866,-0.0952,0.5789,17571430.7996,20.1856,3.6608,333996.38,917622.807,period_2023
600887.SH,2023-04-27,-1,False,0.029,,1.2382,0.7372,0.501,0.8904,17788994.036,20.4356,3.7061,513735.76,1409706.752,period_2023
600887.SH,2023-04-28,0,True,0.115,0.1137,6.3309,1.0196,5.3113,2.3083,18915203.7304,20.0563,3.5349,1331739.72,3914425.563,period_2023
600887.SH,2023-05-04,1,False,0.066,,0.9811,0.0288,0.9523,1.2112,19100772.3732,20.253,3.5696,698795.72,2085135.825,period_2023
600887.SH,2023-05-05,2,False,0.044,,-0.469,-0.3317,-0.1373,0.7836,19011187.5112,20.1581,3.5529,452108.98,1347130.01,period_2023
600887.SH,2023-05-08,3,False,0.095,,1.4137,1.1398,0.2739,1.1496,19279942.0973,20.443,3.6031,663271.22,1992763.212,period_2023
600887.SH,2023-05-09,4,False,0.032,,-0.7634,-0.8563,0.0929,0.7823,19132766.9668,20.287,3.5756,451368.51,1359083.444,period_2023
600887.SH,2023-05-10,5,False,0.077,,-0.2341,-0.7698,0.5357,0.5031,19087974.5358,20.2395,3.5672,290274.87,867274.155,period_2023
601398.SH,2022-04-22,-3,False,0.038,,1.2552,0.4359,0.8193,1.1519,172500628.4311,4.9521,0.5941,3904377.87,1885993.944,period_2022
601398.SH,2022-04-25,-2,False,-0.056,,-1.8595,-4.9421,3.0826,1.3919,169292972.1173,4.86,0.5831,4717826.13,2276075.261,period_2022
601398.SH,2022-04-26,-1,False,0.0,,1.2632,-0.8072,2.0704,1.0729,171431409.6598,4.9214,0.5904,3636708.92,1741895.884,period_2022
601398.SH,2022-04-27,0,True,0.06,0.0931,-2.079,2.9443,-5.0233,1.1315,167867347.0889,4.8191,0.5782,3835451.63,1821850.807,period_2022
601398.SH,2022-04-28,1,False,0.044,,1.2739,0.6564,0.6175,0.8733,170005784.6315,4.8805,0.5855,2959970.69,1401689.37,period_2022
601398.SH,2022-04-29,2,False,0.0,,0.2096,2.4262,-2.2166,0.7787,170362190.8885,4.8907,0.5868,2639416.6,1258379.971,period_2022
601398.SH,2022-05-05,3,False,0.025,,-0.6276,-0.1502,-0.4774,0.7087,169292972.1173,4.86,0.5676,2402048.34,1143770.289,period_2022
601398.SH,2022-05-06,4,False,-0.125,,-0.2105,-2.5284,2.3179,0.4987,168936565.8602,4.8498,0.5664,1690447.34,800177.342,period_2022
601398.SH,2022-05-09,5,False,0.062,,0.4219,-0.8028,1.2247,0.476,169649378.3744,4.8703,0.5688,1613516.38,766272.587,period_2022
601398.SH,2022-05-17,-3,False,0.0,,-0.4274,1.2474,-1.6748,0.6399,166085315.8035,4.7679,0.5569,2168890.33,1012483.465,period_2022
601398.SH,2023-04-24,-2,False,0.143,,0.4255,-1.238,1.6635,0.9034,168223753.346,4.6666,0.5356,3062068.1,1443750.723,period_2023
601398.SH,2023-04-25,-1,False,1.0,,0.6356,-0.5016,1.1372,1.1552,169292972.1173,4.6963,0.539,3915674.75,1857660.019,period_2023
601398.SH,2023-04-27,0,True,0.0,0.0973,0.0,0.7372,-0.7372,0.7839,169292972.1173,4.6963,0.539,2657079.62,1256636.714,period_2023
601398.SH,2023-04-28,1,False,0.091,,-0.6316,1.0196,-1.6512,0.7385,168223753.346,4.6666,0.5356,2503244.0,1185262.424,period_2023
601398.SH,2023-05-04,2,False,0.029,,4.8729,0.0288,4.8441,2.1506,176421097.2591,4.894,0.5467,7289708.42,3541568.882,period_2023
601398.SH,2023-05-05,3,False,0.107,,0.8081,-0.3317,1.1398,2.0147,177846722.2874,4.9336,0.5511,6828810.0,3428249.976,period_2023
601398.SH,2023-05-08,4,False,0.073,,6.2124,1.1398,5.0726,3.0944,188895316.2572,5.2401,0.5853,10488613.02,5490372.106,period_2023
601398.SH,2023-05-09,5,False,0.059,,-0.566,-0.8563,0.2903,2.754,187826097.4859,5.2104,0.582,9334986.15,4986593.624,period_2023
603259.SH,2022-04-18,-3,False,0.083,,-1.8422,-0.5339,-1.3083,0.5182,31656789.2422,62.1068,8.2242,96622.88,1038665.467,period_2022
603259.SH,2022-04-19,-2,False,-0.012,,-4.043,-0.7556,-3.2874,0.8109,30376920.919,59.5958,7.8917,151202.95,1570922.802,period_2022
603259.SH,2022-04-20,-1,False,-0.077,,-1.8488,-1.5505,-0.2983,0.8862,29815315.881,58.494,7.7458,165251.93,1669536.616,period_2022
603259.SH,2022-04-21,0,True,-0.021,0.0739,-4.2133,-1.8414,-2.3719,1.3645,28559094.0857,56.0295,7.4194,254440.47,2497264.5,period_2022
603259.SH,2022-04-22,1,False,0.043,,5.1542,0.4359,4.7183,1.227,30031090.4482,58.9174,7.8018,228798.69,2283996.864,period_2022
603259.SH,2022-04-25,2,False,0.0,,-3.6713,-4.9421,1.2708,1.0081,28928571.0843,56.7543,7.5154,187982.72,1881873.601,period_2022
603259.SH,2022-04-26,3,False,0.08,,4.6797,-0.8072,5.4869,1.4108,30282334.8073,59.4103,7.5022,263081.79,2709436.287,period_2022
603259.SH,2022-04-27,4,False,0.226,,1.5617,2.9443,-1.3826,1.0829,30755265.3655,60.3381,7.6194,201923.79,2077109.062,period_2022
603259.SH,2022-04-28,5,False,0.086,,-0.74,0.6564,-1.3964,0.6976,30527667.5344,59.8916,7.563,130086.17,1334697.866,period_2022
603259.SH,2023-04-17,-3,False,-0.033,,-0.2098,1.4024,-1.6122,1.1894,25406930.5145,28.8266,5.6694,222422.05,1899065.41,period_2023
603259.SH,2023-04-18,-2,False,-0.021,,-5.6062,0.3048,-5.911,2.8302,23982722.6754,27.2107,5.3516,529235.01,4259710.601,period_2023
603259.SH,2023-04-19,-1,False,0.0,,-1.8065,-0.9004,-0.9061,1.7622,23549478.7369,26.7191,5.2549,329532.24,2622594.345,period_2023
603259.SH,2023-04-20,0,True,-0.077,0.0803,-1.5499,-0.2798,-1.2701,1.4174,23184485.5559,26.305,5.1735,265043.83,2088101.602,period_2023
603259.SH,2023-04-21,1,False,0.087,,-2.2015,-1.956,-0.2455,1.2318,22674088.5873,25.7259,5.0596,230334.78,1778208.23,period_2023
603259.SH,2023-04-24,2,False,-0.045,,-1.8453,-1.238,-0.6073,1.3846,22255681.77,25.2512,4.9662,258920.49,1956188.845,period_2023
603259.SH,2023-04-25,3,False,-0.032,,-10.0,-0.5016,-9.4984,3.859,20030113.593,22.7261,4.0485,721629.67,4998652.428,period_2023
603259.SH,2023-04-26,4,False,-0.048,,1.2296,-0.0866,1.3162,1.9936,20276409.8046,23.0055,4.0983,380250.78,2591164.942,period_2023
603259.SH,2023-04-27,5,False,-0.045,,-1.7708,0.7372,-2.508,1.6491,19917351.472,22.5981,4.0258,314548.56,2114007.69,period_2023
000725.SZ,2022-03-28,-3,False,-0.036,,0.4728,-0.6254,1.0982,0.9936,16339442.2549,32.4477,1.2707,3012445.01,1269037.104,period_2022
000725.SZ,2022-03-29,-2,False,-0.077,,-0.9412,-0.3452,-0.596,0.8022,16185659.2689,32.1423,1.2587,2432029.45,1031431.652,period_2022
000725.SZ,2022-03-30,-1,False,0.0,,3.3254,2.9016,0.4238,1.4337,16723899.7197,33.2112,1.3006,4346586.25,1869021.273,period_2022
000725.SZ,2022-03-31,0,True,0.0,0.095,-0.9195,-0.7405,-0.179,1.1205,16570116.7337,6.4148,1.2867,3397081.33,1466094.429,period_2022
000725.SZ,2022-04-01,1,False,0.05,,0.0,1.2684,-1.2684,0.98,16570116.7337,6.4148,1.2867,2971296.56,1272672.197,period_2022
000725.SZ,2022-04-06,2,False,-0.028,,-0.232,-0.288,0.056,0.9879,16531670.9873,6.4,1.2837,2994983.05,1285594.47,period_2022
000725.SZ,2022-04-07,3,False,0.0,,-2.5581,-1.2838,-1.2743,1.3851,16108767.776,6.2362,1.2509,4199479.23,1775494.365,period_2022
000725.SZ,2022-04-08,4,False,0.0,,0.2387,0.5148,-0.2761,1.146,16147213.5224,6.2511,1.2539,3474401.61,1447843.858,period_2022
000725.SZ,2022-04-11,5,False,-0.019,,-2.8571,-3.0892,0.2321,1.1501,15685864.5647,6.0725,1.218,3486818.87,1437220.17,period_2022
000725.SZ,2023-03-29,-3,False,-0.08,,1.3857,0.1658,1.2199,1.0053,16768203.5418,6.4915,1.3395,3080597.32,1346615.455,period_2023
000725.SZ,2023-03-31,-2,False,0.115,,0.2257,0.307,-0.0813,0.9997,16959185.3589,6.5655,1.3548,3063491.49,1351518.773,period_2023
000725.SZ,2023-04-03,-1,False,0.034,,1.3514,0.9786,0.3728,1.3523,17188363.5395,6.6542,1.3731,4144274.07,1855317.19,period_2023
000725.SZ,2023-04-04,0,True,-0.097,0.1037,-1.5556,0.3065,-1.8621,1.4797,16920988.9955,22.4093,1.3229,4534548.99,2012835.005,period_2023
000725.SZ,2023-04-06,1,False,0.0,,1.1287,-0.1576,1.2863,1.3076,17111970.8126,22.6622,1.3378,4007040.88,1794621.017,period_2023
000725.SZ,2023-04-07,2,False,-0.05,,-0.2232,0.6503,-0.8735,0.8292,17073774.4492,22.6116,1.3348,2541196.25,1133793.622,period_2023
000725.SZ,2023-04-10,3,False,-0.059,,-2.0134,-0.4479,-1.5655,1.1376,16730007.1784,22.1564,1.3079,3486249.56,1542709.364,period_2023
000725.SZ,2023-04-11,4,False,-0.038,,1.1416,-0.1136,1.2552,0.988,16920988.9955,22.4093,1.3229,3037805.79,1341366.938,period_2023
000725.SZ,2023-04-12,5,False,-0.04,,1.3544,-0.0698,1.4242,1.4396,17150167.176,22.7128,1.3408,4426353.24,1979233.565,period_2023
000651.SZ,2022-04-27,-3,False,0.091,,1.5333,2.9443,-1.411,0.8348,18015472.6958,8.1242,2.231,372646.68,1121297.995,period_2022
000651.SZ,2022-04-28,-2,False,0.0,,-0.4924,0.6564,-1.1488,0.7959,17926755.6602,8.0842,2.22,355267.15,1074045.135,period_2022
000651.SZ,2022-04-29,-1,False,0.025,,2.9693,2.4262,0.5431,0.9423,18459057.8738,8.3242,2.2859,420627.22,1299787.915,period_2022
000651.SZ,2022-05-05,0,True,0.107,0.1041,9.6443,-0.1502,9.7945,2.7401,20239313.0549,8.7754,2.2047,1223182.23,4108444.75,period_2022
000651.SZ,2022-05-06,1,False,0.054,,-0.7598,-2.5284,1.7686,1.3148,20085536.8598,8.7087,2.188,586930.18,1983418.025,period_2022
000651.SZ,2022-05-09,2,False,0.031,,-1.7373,-0.8028,-0.9345,0.749,19736583.1865,8.5574,2.15,334368.35,1118136.557,period_2022
000651.SZ,2022-05-10,3,False,0.0,,0.5394,1.0943,-0.5549,1.0961,19843043.6292,8.6036,2.1616,489292.0,1627312.761,period_2022
000651.SZ,2022-05-11,4,False,0.071,,-0.7452,1.4428,-2.188,1.104,19695181.9032,8.5395,2.1455,492802.12,1644664.202,period_2022
000651.SZ,2022-05-12,5,False,0.023,,-0.1502,-0.4447,0.2945,0.6801,19665609.558,8.5266,2.1422,303578.03,1009125.197,period_2022
000651.SZ,2023-04-26,-3,False,0.176,,-2.0568,-0.0866,-1.9702,1.0924,22525622.964,9.7667,2.5001,468778.17,1869597.261,period_2023
000651.SZ,2023-04-27,-2,False,0.132,,-0.5,0.7372,-1.2372,0.9996,22412994.8492,9.7179,2.4876,428930.76,1710418.686,period_2023
000651.SZ,2023-04-28,-1,False,0.029,,-1.1558,1.0196,-2.1754,1.6086,22153950.1851,9.6055,2.4588,690283.37,2717033.086,period_2023
000651.SZ,2023-05-04,0,True,-0.039,0.1243,-9.9644,0.0288,-9.9932,4.9623,19946439.1346,8.1392,1.9567,2129350.23,7577271.736,period_2023
000651.SZ,2023-05-05,1,False,-0.049,,-0.7623,-0.3317,-0.4306,2.5794,19794391.1796,8.0772,1.9417,1108025.09,3900066.284,period_2023
000651.SZ,2023-05-08,2,False,-0.008,,-1.5363,1.1398,-2.6761,2.3729,19490295.2696,7.9531,1.9119,1019334.01,3527983.125,period_2023
000651.SZ,2023-05-09,3,False,0.006,,0.1734,-0.8563,1.0297,1.6247,19524083.704,7.9669,1.9152,697920.07,2429885.987,period_2023
000651.SZ,2023-05-10,4,False,-0.015,,-0.2307,-0.7698,0.5391,1.144,19479032.4581,7.9485,1.9108,491425.88,1692227.823,period_2023
000651.SZ,2023-05-11,5,False,0.005,,-1.6768,-0.1553,-1.5215,1.2413,19152410.9251,7.8152,1.8788,533237.62,1822353.715,period_2023
600309.SH,2022-03-08,-2,False,-0.429,,-1.861,-2.0076,0.1466,1.1501,26822855.4259,26.7122,4.1912,163748.24,1416733.846,period_2022
600309.SH,2022-03-11,-1,False,0.0,,-1.4401,0.3188,-1.7589,1.3297,26000241.8099,25.893,3.7957,189313.29,1553884.764,period_2022
600309.SH,2022-03-16,0,True,0.0,0.1265,3.6664,4.3242,-0.6578,1.9734,24590495.5748,9.9764,3.5899,280957.64,2146713.537,period_2022
600309.SH,2022-03-18,1,False,-0.056,,0.7201,0.6656,0.0545,1.0897,25469624.6301,10.333,3.7183,155145.64,1252171.217,period_2022
600309.SH,2022-03-24,2,False,0.0,,-0.0125,-0.5895,0.577,0.6407,25146230.7276,10.2018,3.6711,95711.3,763792.948,period_2022
600309.SH,2022-03-25,3,False,0.0,,-2.7969,-1.8049,-0.992,0.8079,24442927.4834,9.9165,3.5684,120686.29,952428.494,period_2022
600309.SH,2022-03-29,4,False,0.0,,0.0128,-0.3452,0.358,0.5703,24540259.6288,9.956,3.5826,85189.72,663519.729,period_2022
600309.SH,2022-03-30,5,False,0.25,,4.7851,2.9016,1.8835,1.1052,25714524.8669,10.4324,3.754,165094.25,1333166.769,period_2022
600309.SH,2022-03-30,-3,False,0.25,,4.7851,2.9016,1.8835,1.1052,25714524.8669,10.4324,3.754,165094.25,1333166.769,period_2022
600309.SH,2023-03-15,-2,False,0.074,,-0.4989,0.0554,-0.5543,0.4331,30681604.0293,12.4475,3.9949,71495.6,703509.356,period_2023
600309.SH,2023-03-20,-1,False,-0.038,,-0.349,-0.4987,0.1497,0.6617,30480660.2452,12.366,3.9688,109238.32,1069681.583,period_2023
600309.SH,2023-03-21,0,True,0.083,0.1156,0.9683,1.0993,-0.131,0.507,30775796.4281,18.9581,4.0049,82920.03,813877.705,period_2023
600309.SH,2023-03-22,1,False,0.0,,-0.1734,0.4285,-0.6019,0.4742,30722420.7354,18.9252,3.998,78276.17,771619.807,period_2023
600309.SH,2023-03-23,2,False,0.032,,-0.7563,0.9913,-1.7476,0.4734,30490079.4851,18.7821,3.9678,78148.0,758783.849,period_2023
600309.SH,2023-03-24,3,False,0.083,,-1.5549,-0.2982,-1.2567,0.7639,30015977.7446,18.49,3.9061,126103.69,1207404.945,period_2023
600309.SH,2023-03-27,4,False,0.0,,-0.7531,-0.3618,-0.3913,0.7372,29789915.9875,18.3507,3.8766,121702.93,1158057.272,period_2023
600309.SH,2023-03-28,5,False,0.1,,1.0223,-0.3231,1.3454,0.892,30094471.4102,18.5384,3.9163,147250.16,1414476.715,period_2023
601012.SH,2022-04-25,-3,False,-0.071,,-8.6935,-4.9421,-3.7514,1.7745,30642725.28,35.8295,6.6592,700466.81,4085597.518,period_2022
601012.SH,2022-04-26,-2,False,0.045,,0.9892,-0.8072,1.7964,1.4717,30945850.6316,36.184,6.725,580948.19,3339825.278,period_2022
601012.SH,2022-04-27,-1,False,0.026,,7.2241,2.9443,4.2798,1.9294,33181400.1,38.7979,7.2108,761615.12,4523392.247,period_2022
601012.SH,2022-04-28,0,True,0.045,0.0838,5.3507,0.6564,4.6943,2.5092,34956848.5883,38.4738,6.9807,1069988.05,6788961.42,period_2022
601012.SH,2022-04-29,1,False,0.075,,5.2338,2.4262,2.8076,1.9431,36786426.6036,40.4875,7.346,828603.16,5518580.028,period_2022
601012.SH,2022-05-05,2,False,0.02,,1.648,-0.1502,1.7982,1.5427,37392677.3069,41.1547,7.4671,657867.42,4565492.426,period_2022
601012.SH,2022-05-06,3,False,0.0,,-2.9676,-2.5284,-0.4392,0.9155,36283022.0017,39.9334,7.2455,390392.12,2637870.701,period_2022
601012.SH,2022-05-09,4,False,0.062,,3.4313,-0.8028,4.2341,1.0873,37528001.1246,41.3036,7.4941,463673.27,3189375.422,period_2022
601012.SH,2022-05-10,5,False,0.055,,-1.3126,1.0943,-2.4069,1.4231,37035422.4281,40.7615,7.3958,606858.38,4199569.357,period_2022
601012.SH,2023-04-25,-3,False,0.0,,-3.3674,-0.5016,-2.8658,1.6133,26542868.2815,29.2133,4.5979,963181.69,3400448.225,period_2023
601012.SH,2023-04-26,-2,False,0.029,,3.5704,-0.0866,3.657,1.9626,27490557.0948,30.2563,4.7621,1171708.89,4241878.374,period_2023
601012.SH,2023-04-27,-1,False,0.065,,-0.7998,0.7372,-1.537,1.3268,27270693.2901,30.0144,4.724,792084.02,2825318.697,period_2023
601012.SH,2023-04-28,0,True,0.014,0.0837,-3.0581,1.0196,-4.0777,2.5225,26436728.7559,17.8487,4.0499,1505959.43,5256435.706,period_2023
601012.SH,2023-05-04,1,False,0.042,,-2.2369,0.0288,-2.2657,1.7385,25845370.9001,17.4494,3.9594,1037905.46,3566181.762,period_2023
601012.SH,2023-05-05,2,False,0.075,,-2.7281,-0.3317,-2.3964,2.0821,25140290.3798,16.9734,3.8513,1243025.29,4134979.218,period_2023
601012.SH,2023-05-08,3,False,0.025,,1.1158,1.1398,-0.024,1.3815,25420806.2858,17.1628,3.8943,824771.57,2752822.163,period_2023
601012.SH,2023-05-09,4,False,0.042,,-1.4912,-0.8563,-0.6349,1.2442,25041730.7372,16.9069,3.8362,742794.5,2467768.797,period_2023
601012.SH,2023-05-10,5,False,-0.022,,1.1505,-0.7698,1.9203,1.267,25329828.1541,17.1014,3.8804,756436.4,2511216.032,period_2023
300124.SZ,2022-04-25,-1,False,0.0,,-5.81,-4.9421,-0.8679,0.9072,12517070.686,59.6011,7.7059,147344.8,716325.605,period_2022
300124.SZ,2022-04-27,0,True,0.19,0.0824,9.901,2.9443,6.9567,1.1541,14040200.5505,39.2908,8.517,207435.0,1063069.283,period_2022
300124.SZ,2022-04-28,1,False,0.105,,4.955,0.6564,4.2986,1.1721,14735886.1634,41.2377,8.939,210669.96,1171596.213,period_2022
300124.SZ,2022-04-29,2,False,0.0,,3.1831,2.4262,0.7569,0.9039,15204946.9175,42.5503,9.2236,162451.95,928358.182,period_2022
300124.SZ,2022-05-05,3,False,0.0,,1.0919,-0.1502,1.2421,0.7446,15377461.931,43.0331,9.303,133919.27,788518.652,period_2022
300124.SZ,2022-05-06,4,False,0.133,,-4.3202,-2.5284,-1.7918,0.5051,14713117.6131,41.1739,8.9011,90834.07,510588.269,period_2022
300124.SZ,2022-05-09,5,False,0.0,,-1.1647,-0.8028,-0.3619,0.3288,14541758.9596,40.6944,8.7974,59127.78,325352.28,period_2022
300124.SZ,2022-05-12,-3,False,0.0,,0.1072,-0.4447,0.5519,0.3749,14773752.2135,41.3436,8.9378,67428.7,376741.916,period_2022
300124.SZ,2023-04-19,-2,False,0.133,,-1.4613,-0.9004,-0.5609,1.6294,17030228.4596,47.6583,8.6095,298403.15,1899673.391,period_2023
300124.SZ,2023-04-24,-1,False,0.0,,-0.5049,-1.238,0.7331,0.5733,16240659.6409,45.4487,8.2103,104989.56,645771.503,period_2023
300124.SZ,2023-04-25,0,True,0.125,0.0767,0.6057,-0.5016,1.1073,0.8795,16350418.1479,37.8503,7.8435,161078.65,989468.25,period_2023
300124.SZ,2023-04-28,1,False,0.111,,0.9804,1.0196,-0.0392,0.4846,16440869.5337,38.0597,7.8868,88833.2,546371.043,period_2023
000568.SZ,2022-04-26,-3,False,0.048,,4.2346,-0.8072,5.0418,1.5237,29558860.4165,49.2178,10.9509,109316.82,2202759.98,period_2022
000568.SZ,2022-04-27,-2,False,0.056,,0.4331,2.9443,-2.5112,1.3335,29686890.9281,49.431,10.9983,95667.94,1935971.211,period_2022
000568.SZ,2022-04-28,-1,False,0.118,,6.0824,0.6564,5.426,1.696,31492562.6264,52.4376,11.6673,121635.14,2536129.813,period_2022
000568.SZ,2022-04-29,0,True,0.136,0.1212,-1.528,2.4262,-3.9542,2.2267,31011344.4965,38.9807,10.016,159752.39,3368644.828,period_2022
000568.SZ,2022-05-05,1,False,0.15,,-0.3512,-0.1502,-0.201,1.3372,30902444.9809,38.8439,9.9809,95936.62,2028141.79,period_2022
000568.SZ,2022-05-06,2,False,-0.171,,-4.7907,-2.5284,-2.2623,1.2405,29422000.2145,36.983,9.5027,88998.37,1796167.991,period_2022
000568.SZ,2022-05-09,3,False,-0.038,,-2.926,-0.8028,-2.1232,1.1399,28561105.395,35.9008,9.2246,81778.69,1581245.849,period_2022
000568.SZ,2022-05-10,4,False,0.0,,1.8446,1.0943,0.7503,0.9847,29087943.5922,36.5631,9.3948,70648.14,1382065.553,period_2022
000568.SZ,2022-05-11,5,False,0.038,,1.9427,1.4428,0.4999,0.9808,29653043.7814,37.2734,9.5773,70369.59,1418899.785,period_2022
000568.SZ,2023-04-26,-3,False,-0.031,,0.0399,-0.0866,0.1265,0.794,33209516.0564,41.7438,10.4309,56961.82,1279909.713,period_2023
000568.SZ,2023-04-27,-2,False,0.033,,-0.031,0.7372,-0.7682,0.9348,33199212.142,41.7309,10.4277,67064.05,1508154.045,period_2023
000568.SZ,2023-04-28,-1,False,0.028,,0.3104,1.0196,-0.7092,1.0629,33302251.2859,41.8604,10.4601,76255.9,1728325.423,period_2023
000568.SZ,2023-05-04,0,True,0.092,0.1019,-2.2366,0.0288,-2.2654,1.2591,32557425.4747,31.4098,8.587,90332.91,2032709.259,period_2023
000568.SZ,2023-05-05,1,False,0.0,,1.18,-0.3317,1.5117,0.9271,32941614.2825,31.7804,8.6883,66517.39,1477643.559,period_2023
000568.SZ,2023-05-08,2,False,0.083,,-0.6658,1.1398,-1.8056,0.6529,32722288.1049,31.5688,8.6305,46839.78,1043377.302,period_2023
000568.SZ,2023-05-09,3,False,-0.059,,-0.4723,-0.8563,0.384,0.8614,32567729.3891,31.4197,8.5897,61801.77,1365145.672,period_2023
000568.SZ,2023-05-10,4,False,-0.162,,-1.5774,-0.7698,-0.8076,0.6614,32054005.6577,30.9241,8.4542,47448.33,1032698.792,period_2023
000568.SZ,2023-05-11,5,False,0.022,,-0.8128,-0.1553,-0.6575,0.518,31793463.8226,30.6727,8.3855,37164.03,807294.144,period_2023
002415.SZ,2022-04-12,-3,False,0.14,,2.5161,1.9488,0.5673,1.0821,36129189.3938,26.9912,5.9792,401980.32,1494914.991,period_2022
002415.SZ,2022-04-13,-2,False,0.0,,0.9661,-0.9626,1.9287,0.9735,36478218.1164,27.252,6.0369,361638.15,1405496.575,period_2022
002415.SZ,2022-04-15,-1,False,0.107,,0.8843,-0.0673,0.9516,0.4797,37666802.415,28.1399,6.2337,178209.43,706009.036,period_2022
002415.SZ,2022-04-18,0,True,0.083,0.0884,4.5329,-0.5339,5.0668,1.763,39374213.1931,23.4365,5.9716,657584.38,2722416.888,period_2022
002415.SZ,2022-04-19,1,False,-0.053,,-0.5271,-0.7556,0.2285,0.8355,39166682.6013,23.3129,5.9401,311624.37,1292355.484,period_2022
002415.SZ,2022-04-20,2,False,0.081,,0.0723,-1.5505,1.6228,0.7473,39194982.2274,23.3298,5.9444,278748.04,1167886.026,period_2022
002415.SZ,2022-04-21,3,False,0.022,,-1.781,-1.8414,0.0604,0.7914,38496924.7822,22.9143,5.8386,295195.62,1207670.732,period_2022
002415.SZ,2022-04-22,4,False,-0.182,,-0.0245,0.4359,-0.4604,0.8193,38487491.5735,22.9087,5.8371,305597.98,1249420.744,period_2022
002415.SZ,2022-04-25,5,False,0.036,,-3.1863,-4.9421,1.7558,0.9787,37261174.4401,22.1787,5.6511,365058.36,1464276.469,period_2022
002415.SZ,2023-04-12,-3,False,0.0,,4.484,-0.0698,4.5538,1.7898,43420556.3426,25.8449,6.8674,654572.11,2992021.442,period_2023
002415.SZ,2023-04-13,-2,False,0.058,,-2.5232,-0.6909,-1.8323,1.199,42324976.2063,25.1928,6.6941,438487.96,1989915.774,period_2023
002415.SZ,2023-04-14,-1,False,0.081,,-1.4159,0.5657,-1.9816,1.8663,41725684.5078,24.8361,6.5993,682534.86,3004695.553,period_2023
002415.SZ,2023-04-17,0,True,0.091,0.0779,-1.3689,1.4024,-2.7713,2.0263,41154484.6077,32.0584,5.8443,754625.3,3294715.524,period_2023
002415.SZ,2023-04-18,1,False,-0.095,,-0.9329,0.3048,-1.2377,1.494,40770563.3633,31.7593,5.7898,546392.87,2365180.596,period_2023
002415.SZ,2023-04-19,2,False,0.026,,-0.8728,-0.9004,0.0276,1.2761,40414733.9173,31.4822,5.7393,466694.7,2030526.193,period_2023
002415.SZ,2023-04-20,3,False,0.032,,-3.5681,-0.2798,-3.2883,3.74,38972688.2678,30.3588,5.5345,1367786.85,5651599.198,period_2023
002415.SZ,2023-04-21,4,False,0.0,,-4.5651,-1.956,-2.6091,2.4384,37193541.0379,28.9729,5.2818,891761.84,3619640.017,period_2023
002415.SZ,2023-04-24,5,False,-0.071,,-1.1833,-1.238,0.0547,1.6085,36753436.1968,28.6301,5.2193,588257.67,2329736.209,period_2023
600919.SH,2022-04-07,-1,False,0.0,,-1.8817,-1.2838,-0.5979,1.5383,10781832.5579,7.1565,0.7364,1672906.7,1236941.072,period_2022
600919.SH,2022-04-13,0,True,0.067,0.1011,0.0,-0.9626,0.9626,1.149,10811371.8252,5.4896,0.7233,1250669.66,926314.554,period_2022
600919.SH,2022-04-14,1,False,0.2,,-0.5464,1.252,-1.7984,0.988,10752293.2906,5.4596,0.7194,1075378.83,787873.252,period_2022
600919.SH,2022-04-15,2,False,0.208,,3.7088,-0.0673,3.7761,1.1306,11151073.399,5.6621,0.7461,1230598.99,917440.389,period_2022
600919.SH,2022-04-18,3,False,0.154,,-3.8411,-0.5339,-3.3072,1.2164,10722754.0234,5.4446,0.7174,1324034.51,973114.038,period_2022
600919.SH,2022-04-19,4,False,0.333,,1.7906,-0.7556,2.5462,1.0547,10914759.2607,5.5421,0.7303,1148061.88,845318.118,period_2022
600919.SH,2022-04-21,5,False,-0.25,,-1.3699,-1.8414,0.4715,0.8933,10634136.2215,5.3996,0.7115,972317.12,705780.94,period_2022
600919.SH,2023-04-21,-3,False,0.214,,-1.071,-1.956,0.885,0.684,10914793.3744,5.5421,0.6676,745616.53,555123.06,period_2023
600919.SH,2023-04-24,-2,False,0.0,,0.0,-1.238,1.238,0.7734,10914793.3744,5.5421,0.6676,843055.53,625712.476,period_2023
600919.SH,2023-04-25,-1,False,0.05,,2.3004,-0.5016,2.802,1.4971,11165877.9311,5.6696,0.683,1632027.88,1224582.621,period_2023
600919.SH,2023-04-27,0,True,0.091,0.0899,1.0667,0.7372,0.3295,1.013,11195417.2907,4.4101,0.675,1099346.28,830559.132,period_2023
600919.SH,2023-04-28,1,False,-0.038,,1.715,1.0196,0.6954,3.3961,11387423.1281,4.4857,0.656,3685779.44,2873826.123,period_2023
600919.SH,2023-05-04,2,False,0.105,,0.5188,0.0288,0.49,2.6409,11446501.8473,4.509,0.6594,2864590.53,2223940.954,period_2023
600919.SH,2023-05-08,3,False,0.0,,2.0779,1.1398,0.9381,3.9191,11608968.3252,4.573,0.6688,4251087.64,3331911.617,period_2023
600919.SH,2023-05-09,4,False,0.017,,-2.0356,-0.8563,-1.1793,3.2117,11372653.4483,4.4799,0.6552,3483767.73,2725106.175,period_2023
600919.SH,2023-05-10,5,False,0.0,,-1.1688,-0.7698,-0.399,1.6711,11239726.3301,4.4275,0.6475,1812662.05,1385084.908,period_2023
601288.SH,2022-03-25,-2,False,-0.071,,-0.3344,-1.8049,1.4705,0.3633,104294944.0942,4.8301,0.5213,2021454.51,603601.82,period_2022
601288.SH,2022-03-28,-1,False,0.167,,1.3423,-0.6254,1.9677,0.6435,105694876.2296,4.895,0.5283,3580567.34,1072064.444,period_2022
601288.SH,2022-03-31,0,True,0.0,0.0856,0.9836,-0.7405,1.7241,0.9883,107794774.4329,4.4694,0.5246,5375238.06,1652024.736,period_2022
601288.SH,2022-04-01,1,False,-0.25,,0.0,1.2684,-1.2684,0.6002,107794774.4329,4.4694,0.5246,3264421.41,1004120.543,period_2022
601288.SH,2022-04-07,2,False,0.0,,-0.3226,-1.2838,0.9612,0.6978,108144757.4668,4.4839,0.5263,3794811.84,1174165.397,period_2022
601288.SH,2022-04-11,3,False,0.0,,-0.9677,-3.0892,2.1215,0.6399,107444791.399,4.4549,0.5229,3480357.79,1073167.281,period_2022
601288.SH,2022-04-12,4,False,0.048,,0.3257,1.9488,-1.6231,0.7374,107794774.4329,4.4694,0.5246,4010616.6,1232481.326,period_2022
601288.SH,2022-04-13,5,False,0.048,,-0.3247,-0.9626,0.6379,0.6374,107444791.399,4.4549,0.5229,3466609.89,1067402.107,period_2022
601288.SH,2023-03-23,-3,False,0.0,,0.3236,0.9913,-0.6677,0.477,108494740.5006,4.4984,0.4964,2594430.39,801215.454,period_2023
601288.SH,2023-03-28,-2,False,0.111,,1.3115,-0.3231,1.6346,0.5126,108144757.4668,4.4839,0.4948,2787788.01,856846.036,period_2023
601288.SH,2023-03-29,-1,False,0.0,,0.3236,0.1658,0.1578,0.6607,108494740.5006,4.4984,0.4964,3593162.11,1114497.88,period_2023
601288.SH,2023-03-30,0,True,0.019,0.0813,-0.3226,0.8083,-1.1309,0.4859,108144757.4668,4.4839,0.4948,2642463.43,818427.374,period_2023
601288.SH,2023-03-31,1,False,0.022,,0.6472,0.307,0.3402,0.5509,108844723.5345,4.2002,0.4884,2996115.5,932554.031,period_2023
601288.SH,2023-04-03,2,False,0.05,,-0.3215,0.9786,-1.3001,0.6747,108494740.5006,4.1867,0.4869,3669634.72,1135401.956,period_2023
601288.SH,2023-04-04,3,False,0.042,,1.6129,0.3065,1.3064,0.7845,110244655.67,4.2543,0.4947,4266797.76,1332738.749,period_2023
601288.SH,2023-04-06,4,False,0.067,,0.9524,-0.1576,1.11,0.7692,111294604.7716,4.2948,0.4994,4183260.9,1327677.953,period_2023
601288.SH,2023-04-07,5,False,0.0,,-0.3145,0.6503,-0.9648,0.4579,110944621.7377,4.2813,0.4979,2490524.0,788097.113,period_2023
600809.SH,2022-04-25,-3,False,0.143,,-2.9033,-4.9421,2.0388,1.656,30929899.3302,100.4467,21.2247,63990.43,1654198.836,period_2022
600809.SH,2022-04-26,-2,False,0.121,,1.5819,-0.8072,2.3891,2.2721,31419165.1934,102.0357,21.5604,87797.69,2281187.279,period_2022
600809.SH,2022-04-27,-1,False,0.114,,4.4037,2.9443,1.4594,2.1353,32802774.8912,106.529,22.5099,82511.66,2195244.505,period_2022
600809.SH,2022-04-28,0,True,0.17,0.1147,1.1717,0.6564,0.5153,1.678,33187110.9184,62.4568,17.519,64024.08,1745340.415,period_2022
600809.SH,2022-04-29,1,False,0.095,,0.0,2.4262,-2.4262,2.1717,33187110.9184,62.4568,17.519,82859.26,2234617.937,period_2022
600809.SH,2022-05-05,2,False,0.146,,-1.8162,-0.1502,-1.666,1.444,32584374.4186,61.3225,17.2008,55097.35,1483371.887,period_2022
600809.SH,2022-05-06,3,False,-0.091,,-5.0176,-2.5284,-2.4892,1.4408,30949421.1602,58.2455,16.3377,54973.39,1398308.317,period_2022
600809.SH,2022-05-09,4,False,0.07,,-3.2682,-0.8028,-2.4654,1.6296,29937946.3458,56.342,15.8038,62561.55,1523928.121,period_2022
600809.SH,2022-05-10,5,False,0.018,,2.323,1.0943,1.2287,1.724,30633411.5378,57.6508,16.1709,66187.36,1648967.505,period_2022
600809.SH,2023-04-25,-3,False,0.071,,1.9261,-0.5016,2.4277,1.2102,29374298.5373,55.2812,14.5402,46232.48,1101924.518,period_2023
600809.SH,2023-04-26,-2,False,-0.04,,-0.299,-0.0866,-0.2124,0.8969,29286461.1133,55.1159,14.4967,34264.9,823790.621,period_2023
600809.SH,2023-04-27,-1,False,0.054,,1.6912,0.7372,0.954,1.3403,29781766.5875,56.0481,14.7419,51204.7,1239798.696,period_2023
600809.SH,2023-04-28,0,True,0.014,0.1173,1.7778,1.0196,0.7582,2.211,30311231.0598,37.4404,11.5941,84469.08,2127043.787,period_2023
600809.SH,2023-05-04,1,False,0.116,,-3.8034,0.0288,-3.8322,1.7031,29158364.87,36.0164,11.1531,64805.36,1573064.746,period_2023
600809.SH,2023-05-05,2,False,0.129,,0.5816,-0.3317,0.9133,0.989,29327939.8969,36.2259,11.218,37632.91,898976.183,period_2023
600809.SH,2023-05-08,3,False,0.0,,-2.371,1.1398,-3.5108,1.4714,28632560.2903,35.367,10.952,55989.13,1320195.804,period_2023
600809.SH,2023-05-09,4,False,0.071,,2.8206,-0.8563,3.6769,1.7678,29440176.6053,36.3645,11.2609,67667.42,1623001.116,period_2023
600809.SH,2023-05-10,5,False,0.0,,-1.5622,-0.7698,-0.7924,0.9238,28980250.0936,35.7964,11.085,35360.49,843868.451,period_2023
002714.SZ,2022-04-27,-3,False,0.076,,6.6719,2.9443,3.7276,1.7263,29015986.3099,10.5699,5.3212,401252.7,2116810.357,period_2022
002714.SZ,2022-04-28,-2,False,0.0,,-1.504,0.6564,-2.1604,1.0909,28579575.6574,10.411,5.2411,253556.24,1358423.711,period_2022
002714.SZ,2022-04-29,-1,False,0.023,,-2.7374,2.4262,-5.1636,2.1076,27797229.7315,10.126,5.0977,489870.22,2567355.868,period_2022
002714.SZ,2022-05-05,0,True,0.085,0.0534,0.0191,-0.1502,0.1693,1.4934,27802556.1904,40.2715,5.9125,347120.07,1824244.418,period_2022
002714.SZ,2022-05-06,1,False,0.042,,-1.608,-2.5284,0.9204,0.912,27355501.3052,39.624,5.8174,211990.61,1093410.57,period_2022
002714.SZ,2022-05-09,2,False,0.077,,0.1946,-0.8028,0.9974,1.2864,27408722.1249,39.701,5.8287,299001.8,1542193.849,period_2022
002714.SZ,2022-05-10,3,False,0.0,,0.2718,1.0943,-0.8225,1.2286,27483231.2724,39.809,5.8446,285561.76,1459492.745,period_2022
002714.SZ,2022-05-11,4,False,0.094,,-0.2517,1.4428,-1.6945,1.6986,27414044.2069,39.7088,5.8299,394825.27,2030833.801,period_2022
002714.SZ,2022-05-12,5,False,0.086,,-2.3296,-0.4447,-1.8849,1.6731,26775394.3709,38.7837,5.694,388892.62,1969381.762,period_2022
002714.SZ,2023-04-25,-3,False,0.0,,0.8876,-0.5016,1.3892,0.7989,26112724.4161,37.8238,4.43,190942.31,905230.64,period_2023
002714.SZ,2023-04-26,-2,False,0.125,,-0.5027,-0.0866,-0.4161,0.6732,25981449.7228,37.6337,4.4078,160888.97,763869.577,period_2023
002714.SZ,2023-04-27,-1,False,-0.038,,0.3579,0.7372,-0.3793,0.6097,26074435.9639,37.7684,4.4235,145722.29,689883.242,period_2023
002714.SZ,2023-04-28,0,True,0.013,0.0564,0.4196,1.0196,-0.6,0.9451,26183832.1017,19.7373,3.7789,225878.94,1082816.539,period_2023
002714.SZ,2023-05-04,1,False,-0.024,,-1.6294,0.0288,-1.6582,0.9678,25757189.8196,19.4157,3.7173,233577.77,1101432.998,period_2023
002714.SZ,2023-05-05,2,False,0.03,,0.1274,-0.3317,0.4591,1.0919,25790008.4942,19.4405,3.7221,263551.4,1232078.262,period_2023
002714.SZ,2023-05-08,3,False,-0.151,,-1.1665,1.1398,-2.3063,0.8031,25489170.6433,19.2137,3.6786,193842.94,905362.95,period_2023
002714.SZ,2023-05-09,4,False,-0.071,,0.6652,-0.8563,1.5215,0.7256,25658733.7956,19.3415,3.7031,175138.38,817930.48,period_2023
002714.SZ,2023-05-10,5,False,0.0,,-0.874,-0.7698,-0.1042,0.4965,25434472.8522,19.1725,3.6708,119829.84,557239.507,period_2023
300498.SZ,2022-04-13,-3,False,0.333,,-5.4659,-0.9626,-4.5033,0.849,13402357.5505,18.0482,3.8178,382616.59,825592.554,period_2022
300498.SZ,2022-04-14,-2,False,0.021,,1.1848,1.252,-0.0672,0.679,13561153.2561,18.262,3.8631,306030.32,646189.913,period_2022
300498.SZ,2022-04-15,-1,False,0.0,,0.4215,-0.0673,0.4888,0.4655,13618319.7101,18.339,3.8793,209781.55,448780.886,period_2022
300498.SZ,2022-04-18,0,True,0.0,0.0533,5.7369,-0.5339,6.2708,1.1003,14399594.5815,,4.5722,495879.88,1108947.565,period_2022
300498.SZ,2022-04-19,1,False,0.149,,-0.2647,-0.7556,0.4909,1.4931,14361483.6122,,4.5601,672881.52,1535288.015,period_2022
300498.SZ,2022-04-20,2,False,0.012,,-3.7594,-1.5505,-2.2089,1.0296,13821578.2132,,4.3887,464023.42,1025647.329,period_2022
300498.SZ,2022-04-21,3,False,0.062,,-4.8713,-1.8414,-3.0299,1.0882,13148284.4216,,4.1749,490424.36,1032777.413,period_2022
300498.SZ,2022-04-22,4,False,0.109,,0.7246,0.4359,0.2887,0.8154,13243561.845,,4.2051,367477.82,758231.158,period_2022
300498.SZ,2022-04-25,5,False,0.125,,-4.0288,-4.9421,0.9133,0.9337,12710008.2742,,4.0357,420790.07,868103.821,period_2022
300498.SZ,2023-04-20,-3,False,0.0,,0.9519,-0.2798,1.2317,0.7303,13901333.271,,3.5588,374170.41,794260.186,period_2023
300498.SZ,2023-04-24,-2,False,0.0,,-2.5776,-1.238,-1.3396,0.624,13377001.9831,,3.4245,319673.74,658185.76,period_2023
300498.SZ,2023-04-25,-1,False,-0.5,,1.3719,-0.5016,1.8735,0.4091,13560517.9338,,3.4715,209578.29,431031.615,period_2023
300498.SZ,2023-04-26,0,True,0.056,0.0554,-2.3683,-0.0866,-2.2817,0.5919,13239365.02,25.0319,3.7662,303116.96,615047.901,period_2023
300498.SZ,2023-04-27,1,False,-0.25,,-0.6436,0.7372,-1.3808,0.42,13154161.1857,24.8708,3.7419,215151.81,433181.677,period_2023
300498.SZ,2023-05-04,2,False,0.0,,-1.4661,0.0288,-1.4949,0.4132,12774021.002,24.152,3.6338,211672.36,415118.391,period_2023
300498.SZ,2023-05-05,3,False,0.0,,-1.3853,-0.3317,-1.0536,0.562,12597059.1923,23.8174,3.5835,287949.56,551346.523,period_2023
300498.SZ,2023-05-08,4,False,-0.095,,-1.4048,1.1398,-2.5446,0.4415,12420097.3826,23.4829,3.5331,226175.3,428438.528,period_2023
300498.SZ,2023-05-09,5,False,0.0,,0.8443,-0.8563,1.7006,0.5009,12524963.6402,23.6811,3.563,256621.43,489410.832,period_2023
600028.SH,2022-03-23,-3,False,0.118,,-0.4819,0.4987,-0.9806,0.7357,50002409.5838,15.1872,0.6499,945223.71,390490.372,period_2022
600028.SH,2022-03-24,-2,False,0.031,,0.4843,-0.5895,1.0738,0.8628,50244552.0031,15.2608,0.6531,1108563.11,460715.539,period_2022
600028.SH,2022-03-25,-1,False,0.0,,0.241,-1.8049,2.0459,0.7659,50365623.2127,15.2975,0.6547,984085.55,409148.87,period_2022
600028.SH,2022-03-28,0,True,0.033,0.0673,3.125,-0.6254,3.7504,2.039,51939548.9381,7.2941,0.6701,2619765.77,1117883.496,period_2022
600028.SH,2022-03-29,1,False,0.022,,0.9324,-0.3452,1.2776,1.1882,52423833.7767,7.3621,0.6763,1526683.01,655934.826,period_2022
600028.SH,2022-03-30,2,False,0.0,,-0.2309,2.9016,-3.1325,1.03,52302762.5671,7.3451,0.6748,1323369.13,569145.41,period_2022
600028.SH,2022-03-31,3,False,0.029,,0.0,-0.7405,0.7405,1.0208,52302762.5671,7.3451,0.6748,1311586.77,567655.31,period_2022
600028.SH,2022-04-01,4,False,0.119,,1.1574,1.2684,-0.111,1.2395,52908118.6153,7.4301,0.6826,1592516.87,693447.485,period_2022
600028.SH,2022-04-06,5,False,0.0,,0.9153,-0.288,1.2033,1.2448,53392403.4539,7.4981,0.6888,1599425.13,701904.112,period_2022
600028.SH,2023-03-22,-3,False,0.038,,1.2567,0.4285,0.8282,1.4638,67621573.9123,9.4963,0.8676,1816053.96,1021766.797,period_2023
600028.SH,2023-03-23,-2,False,0.104,,1.0638,0.9913,0.0725,1.1741,68340952.3582,9.5974,0.8769,1456595.28,824920.244,period_2023
600028.SH,2023-03-24,-1,False,0.0,,-3.1579,-0.2982,-2.8597,2.2703,66182817.0206,9.2943,0.8492,2816560.8,1558075.097,period_2023
600028.SH,2023-03-27,0,True,0.046,0.0244,-3.0797,-0.3618,-2.7179,3.4894,64144578.0906,9.6746,0.8165,4328984.49,2301272.134,period_2023
600028.SH,2023-03-28,1,False,0.087,,3.9252,-0.3231,4.2483,2.4761,66662402.6512,10.0544,0.8486,3601091.35,1996352.423,period_2023
600028.SH,2023-03-29,2,False,0.01,,-1.6187,0.1658,-1.7845,1.2946,65583334.9824,9.8916,0.8348,1882762.97,1033655.971,period_2023
600028.SH,2023-03-30,3,False,0.012,,2.3766,0.8083,1.5683,1.419,67141988.2818,10.1267,0.8547,2063652.99,1153906.251,period_2023
600028.SH,2023-03-31,4,False,0.077,,0.3571,0.307,0.0501,1.0372,67381781.0971,10.1629,0.8577,1508415.2,844231.761,period_2023
600028.SH,2023-04-03,5,False,0.0,,-1.0676,0.9786,-2.0462,1.6167,66662402.6512,10.0544,0.8486,2351272.19,1325367.248,period_2023
688981.SH,2022-03-29,-1,False,0.171,,-0.6243,-0.3452,-0.2791,0.433,36485100.8654,84.2171,3.3412,72353.95,335469.498,period_2022
688981.SH,2022-03-31,0,True,0.04,0.0473,-1.0944,-0.7405,-0.3539,0.7618,36429772.5062,33.9415,3.3361,127303.07,591977.029,period_2022
688981.SH,2022-04-01,1,False,0.071,,-0.8245,1.2684,-2.0929,0.7147,36140904.5834,33.6724,3.3096,119426.37,545520.358,period_2022
688981.SH,2022-04-06,2,False,0.0,,0.0875,-0.288,0.3755,0.7532,36172530.8399,33.7019,3.3125,125867.39,574275.343,period_2022
688981.SH,2022-04-07,3,False,0.118,,-0.8962,-1.2838,0.3876,0.5576,35848361.711,33.3998,3.2829,93187.53,424933.669,period_2022
688981.SH,2022-04-08,4,False,0.0,,-0.7719,0.5148,-1.2867,0.6866,35571631.9669,33.142,3.2575,114734.74,515397.535,period_2022
688981.SH,2022-04-11,5,False,0.02,,-5.2456,-3.0892,-2.1564,1.2729,33705682.835,31.4035,3.0866,212721.17,921728.67,period_2022
688981.SH,2023-04-17,-3,False,0.071,,1.1886,1.4024,-0.2138,5.2737,49901480.5338,41.1285,3.7415,926839.46,5814764.382,period_2023
688981.SH,2023-04-18,-2,False,0.009,,-3.3333,0.3048,-3.6381,4.7185,48238097.8493,39.7575,3.6168,829262.68,5036517.706,period_2023
688981.SH,2023-04-19,-1,False,-0.011,,2.1511,-0.9004,3.0515,6.0126,49275731.8096,40.6127,3.6946,1056699.29,6578214.899,period_2023
688981.SH,2023-04-20,0,True,0.056,0.0474,6.8638,-0.2798,7.1436,7.4951,52657943.268,43.4003,3.9482,1317248.09,8572883.366,period_2023
688981.SH,2023-04-21,1,False,0.0,,-5.5355,-1.956,-3.5795,5.7029,49761849.1147,41.0134,3.7311,1002269.09,6444984.946,period_2023
688981.SH,2023-04-24,2,False,0.02,,0.3981,-1.238,1.6361,4.8194,49959945.6478,41.1766,3.7459,846989.9,5289122.673,period_2023
688981.SH,2023-04-25,3,False,0.03,,-2.6646,-0.5016,-2.163,4.9633,48628736.9454,40.0795,3.6461,872287.53,5434677.427,period_2023
688981.SH,2023-04-26,4,False,-0.017,,-5.2306,-0.0866,-5.144,6.0672,46085177.4604,37.9831,3.4554,1066286.9,6263921.423,period_2023
688981.SH,2023-04-27,5,False,0.009,,0.2235,0.7372,-0.5137,3.3743,46188187.6576,38.068,3.4631,593021.54,3456206.784,period_2023
